[
  {
    "model": "Escape_room.room",
    "pk": 1,
    "fields": {
      "name": "The Haunted Library",
      "description": "Solve the mystery of the haunted books.",
      "difficulty": 3,
      "max_players": 6
    }
  },
  {
    "model": "Escape_room.room",
    "pk": 2,
    "fields": {
      "name": "Space Station Alpha",
      "description": "Escape before the oxygen runs out.",
      "difficulty": 4,
      "max_players": 8
    }
  },
  {
    "model": "Escape_room.room",
    "pk": 3,
    "fields": {
      "name": "The Pharaoh's Tomb",
      "description": "Uncover the secrets of the ancient tomb before time runs out.",
      "difficulty": 5,
      "max_players": 5
    }
  },
  {
    "model": "Escape_room.room",
    "pk": 4,
    "fields": {
      "name": "Cyber Heist",
      "description": "Hack into the mainframe and escape undetected.",
      "difficulty": 4,
      "max_players": 7
    }
  },
  {
    "model": "Escape_room.room",
    "pk": 5,
    "fields": {
      "name": "The Enchanted Forest",
      "description": "Find your way out of the magical forest by solving fairy riddles.",
      "difficulty": 2,
      "max_players": 4
    }
  },
  {
    "model": "Escape_room.team",
    "pk": 1,
    "fields": {
      "name": "Team Alpha"
    }
  },
  {
    "model": "Escape_room.team",
    "pk": 2,
    "fields": {
      "name": "Team Beta"
    }
  },


  {
    "model": "Escape_room.puzzle",
    "pk": 1,
    "fields": {
      "name": "Ghostly Riddles",
      "description": "Solve the riddles to appease the spirits.",
      "solution": "whisper",
      "order": 1,
      "room": 1
    }
  },
  {
    "model": "Escape_room.puzzle",
    "pk": 2,
    "fields": {
      "name": "Flickering Lights",
      "description": "The lights flicker as you enter. What do you do to see better?",
      "solution": "light a candle",
      "order": 2,
      "room": 1
    }
  },
  {
    "model": "Escape_room.puzzle",
    "pk": 3,
    "fields": {
      "name": "Whispering Shelves",
      "description": "A whisper tells you to find the oldest book. What year do you look for?",
      "solution": "1623",
      "order": 3,
      "room": 1
    }
  },
  {
    "model": "Escape_room.puzzle",
    "pk": 4,
    "fields": {
      "name": "Locked Drawer",
      "description": "A drawer is locked with a riddle: 'I have keys but open no locks.'",
      "solution": "piano",
      "order": 4,
      "room": 1
    }
  },
  {
    "model": "Escape_room.puzzle",
    "pk": 5,
    "fields": {
      "name": "Ghostly Footsteps",
      "description": "You hear footsteps behind you. What do you say to calm the ghost?",
      "solution": "rest in peace",
      "order": 5,
      "room": 1
    }
  },
  {
    "model": "Escape_room.puzzle",
    "pk": 6,
    "fields": {
      "name": "Secret Passage",
      "description": "A book triggers a secret door. Which book do you pull?",
      "solution": "mystery novel",
      "order": 6,
      "room": 1
    }
  },
  {
    "model": "Escape_room.puzzle",
    "pk": 7,
    "fields": {
      "name": "Haunted Portrait",
      "description": "A portrait's eyes follow you. What is the subject's name?",
      "solution": "elizabeth",
      "order": 7,
      "room": 1
    }
  },
  {
    "model": "Escape_room.puzzle",
    "pk": 8,
    "fields": {
      "name": "Ancient Tome",
      "description": "A tome is written in code. What is the first word?",
      "solution": "welcome",
      "order": 8,
      "room": 1
    }
  },
  {
    "model": "Escape_room.puzzle",
    "pk": 9,
    "fields": {
      "name": "Creaky Floorboard",
      "description": "A floorboard creaks in a pattern. What number does it tap out?",
      "solution": "7",
      "order": 9,
      "room": 1
    }
  },
  {
    "model": "Escape_room.puzzle",
    "pk": 10,
    "fields": {
      "name": "Final Lock",
      "description": "The final lock asks: 'What is the librarian's secret?'",
      "solution": "she is a ghost",
      "order": 10,
      "room": 1
    }
  },


  {
    "model": "Escape_room.puzzle",
    "pk": 11,
    "fields": {
      "name": "Oxygen Countdown",
      "description": "Restore the oxygen supply before time runs out.",
      "solution": "valve",
      "order": 1,
      "room": 2
    }
  },
  {
    "model": "Escape_room.puzzle",
    "pk": 12,
    "fields": {
      "name": "Zero Gravity",
      "description": "How do you anchor yourself in zero gravity?",
      "solution": "magnetic boots",
      "order": 2,
      "room": 2
    }
  },
  {
    "model": "Escape_room.puzzle",
    "pk": 13,
    "fields": {
      "name": "Control Panel",
      "description": "Which button restarts the life support?",
      "solution": "red",
      "order": 3,
      "room": 2
    }
  },
  {
    "model": "Escape_room.puzzle",
    "pk": 14,
    "fields": {
      "name": "Alien Message",
      "description": "Decode the alien message: '01000001' (ASCII)?",
      "solution": "A",
      "order": 4,
      "room": 2
    }
  },
  {
    "model": "Escape_room.puzzle",
    "pk": 15,
    "fields": {
      "name": "Airlock Sequence",
      "description": "What is the correct sequence to open the airlock?",
      "solution": "depressurize, unlock, open",
      "order": 5,
      "room": 2
    }
  },
  {
    "model": "Escape_room.puzzle",
    "pk": 16,
    "fields": {
      "name": "Power Outage",
      "description": "Which backup system restores power?",
      "solution": "generator",
      "order": 6,
      "room": 2
    }
  },
  {
    "model": "Escape_room.puzzle",
    "pk": 17,
    "fields": {
      "name": "Navigation Error",
      "description": "What is the correct course to Earth?",
      "solution": "42",
      "order": 7,
      "room": 2
    }
  },
  {
    "model": "Escape_room.puzzle",
    "pk": 18,
    "fields": {
      "name": "Robot Helper",
      "description": "What is the robot's activation code?",
      "solution": "delta",
      "order": 8,
      "room": 2
    }
  },
  {
    "model": "Escape_room.puzzle",
    "pk": 19,
    "fields": {
      "name": "Hull Breach",
      "description": "What material patches the breach?",
      "solution": "titanium",
      "order": 9,
      "room": 2
    }
  },
  {
    "model": "Escape_room.puzzle",
    "pk": 20,
    "fields": {
      "name": "Escape Pod",
      "description": "What code launches the escape pod?",
      "solution": "alpha omega",
      "order": 10,
      "room": 2
    }
  },


  {
    "model": "Escape_room.puzzle",
    "pk": 21,
    "fields": {
      "name": "Pharaoh's Code",
      "description": "Crack the ancient code to unlock the tomb.",
      "solution": "ankh",
      "order": 1,
      "room": 3
    }
  },
  {
    "model": "Escape_room.puzzle",
    "pk": 22,
    "fields": {
      "name": "Hieroglyphics",
      "description": "Translate the symbol for 'life'.",
      "solution": "ankh",
      "order": 2,
      "room": 3
    }
  },
  {
    "model": "Escape_room.puzzle",
    "pk": 23,
    "fields": {
      "name": "Sarcophagus Lock",
      "description": "What animal guards the pharaoh?",
      "solution": "jackal",
      "order": 3,
      "room": 3
    }
  },
  {
    "model": "Escape_room.puzzle",
    "pk": 24,
    "fields": {
      "name": "Golden Scarab",
      "description": "Which color is the sacred scarab?",
      "solution": "blue",
      "order": 4,
      "room": 3
    }
  },
  {
    "model": "Escape_room.puzzle",
    "pk": 25,
    "fields": {
      "name": "River Nile",
      "description": "What direction does the Nile flow?",
      "solution": "north",
      "order": 5,
      "room": 3
    }
  },
  {
    "model": "Escape_room.puzzle",
    "pk": 26,
    "fields": {
      "name": "Sun Dial",
      "description": "What time is it when the shadow points east?",
      "solution": "morning",
      "order": 6,
      "room": 3
    }
  },
  {
    "model": "Escape_room.puzzle",
    "pk": 27,
    "fields": {
      "name": "Cursed Chamber",
      "description": "What word breaks the curse?",
      "solution": "forgiveness",
      "order": 7,
      "room": 3
    }
  },
  {
    "model": "Escape_room.puzzle",
    "pk": 28,
    "fields": {
      "name": "Anubis Statue",
      "description": "What offering does Anubis accept?",
      "solution": "coin",
      "order": 8,
      "room": 3
    }
  },
  {
    "model": "Escape_room.puzzle",
    "pk": 29,
    "fields": {
      "name": "Secret Passage",
      "description": "Which stone opens the passage?",
      "solution": "third",
      "order": 9,
      "room": 3
    }
  },
  {
    "model": "Escape_room.puzzle",
    "pk": 30,
    "fields": {
      "name": "Final Riddle",
      "description": "What is the pharaoh's true name?",
      "solution": "ramesses",
      "order": 10,
      "room": 3
    }
  },


  {
    "model": "Escape_room.puzzle",
    "pk": 31,
    "fields": {
      "name": "Firewall Breach",
      "description": "What tool bypasses the firewall?",
      "solution": "exploit",
      "order": 1,
      "room": 4
    }
  },
  {
    "model": "Escape_room.puzzle",
    "pk": 32,
    "fields": {
      "name": "Encrypted File",
      "description": "What is the password hint: 'First pet'?",
      "solution": "fluffy",
      "order": 2,
      "room": 4
    }
  },
  {
    "model": "Escape_room.puzzle",
    "pk": 33,
    "fields": {
      "name": "Security Camera",
      "description": "Which wire disables the camera?",
      "solution": "blue",
      "order": 3,
      "room": 4
    }
  },
  {
    "model": "Escape_room.puzzle",
    "pk": 34,
    "fields": {
      "name": "Mainframe Access",
      "description": "What is the admin username?",
      "solution": "root",
      "order": 4,
      "room": 4
    }
  },
  {
    "model": "Escape_room.puzzle",
    "pk": 35,
    "fields": {
      "name": "Data Vault",
      "description": "What is the vault's unlock code?",
      "solution": "8675309",
      "order": 5,
      "room": 4
    }
  },
  {
    "model": "Escape_room.puzzle",
    "pk": 36,
    "fields": {
      "name": "Laser Grid",
      "description": "How do you bypass the laser grid?",
      "solution": "mirror",
      "order": 6,
      "room": 4
    }
  },
  {
    "model": "Escape_room.puzzle",
    "pk": 37,
    "fields": {
      "name": "Biometric Lock",
      "description": "Whose fingerprint opens the door?",
      "solution": "ceo",
      "order": 7,
      "room": 4
    }
  },
  {
    "model": "Escape_room.puzzle",
    "pk": 38,
    "fields": {
      "name": "Alarm Override",
      "description": "What code silences the alarm?",
      "solution": "delta42",
      "order": 8,
      "room": 4
    }
  },
  {
    "model": "Escape_room.puzzle",
    "pk": 39,
    "fields": {
      "name": "Escape Route",
      "description": "Which exit is unguarded?",
      "solution": "north",
      "order": 9,
      "room": 4
    }
  },
  {
    "model": "Escape_room.puzzle",
    "pk": 40,
    "fields": {
      "name": "Final Upload",
      "description": "What is the file name to upload?",
      "solution": "payload.exe",
      "order": 10,
      "room": 4
    }
  },


  {
    "model": "Escape_room.puzzle",
    "pk": 41,
    "fields": {
      "name": "Fairy Lights",
      "description": "What color do the fairy lights turn at midnight?",
      "solution": "silver",
      "order": 1,
      "room": 5
    }
  },
  {
    "model": "Escape_room.puzzle",
    "pk": 42,
    "fields": {
      "name": "Talking Tree",
      "description": "What is the tree's favorite word?",
      "solution": "wisdom",
      "order": 2,
      "room": 5
    }
  },
  {
    "model": "Escape_room.puzzle",
    "pk": 43,
    "fields": {
      "name": "Magic Stream",
      "description": "What animal drinks from the stream at dawn?",
      "solution": "deer",
      "order": 3,
      "room": 5
    }
  },
  {
    "model": "Escape_room.puzzle",
    "pk": 44,
    "fields": {
      "name": "Hidden Path",
      "description": "What flower marks the hidden path?",
      "solution": "bluebell",
      "order": 4,
      "room": 5
    }
  },
  {
    "model": "Escape_room.puzzle",
    "pk": 45,
    "fields": {
      "name": "Mushroom Circle",
      "description": "How many mushrooms in the fairy ring?",
      "solution": "12",
      "order": 5,
      "room": 5
    }
  },
  {
    "model": "Escape_room.puzzle",
    "pk": 46,
    "fields": {
      "name": "Enchanted Mirror",
      "description": "What word unlocks the mirror's secret?",
      "solution": "truth",
      "order": 6,
      "room": 5
    }
  },
  {
    "model": "Escape_room.puzzle",
    "pk": 47,
    "fields": {
      "name": "Pixie Dust",
      "description": "What ingredient activates pixie dust?",
      "solution": "laughter",
      "order": 7,
      "room": 5
    }
  },
  {
    "model": "Escape_room.puzzle",
    "pk": 48,
    "fields": {
      "name": "Wise Owl",
      "description": "What is the owl's answer to every riddle?",
      "solution": "patience",
      "order": 8,
      "room": 5
    }
  },
  {
    "model": "Escape_room.puzzle",
    "pk": 49,
    "fields": {
      "name": "Moonlit Clearing",
      "description": "What appears in the clearing at midnight?",
      "solution": "unicorn",
      "order": 9,
      "room": 5
    }
  },
  {
    "model": "Escape_room.puzzle",
    "pk": 50,
    "fields": {
      "name": "Forest Gate",
      "description": "What is the password to leave the forest?",
      "solution": "goodbye",
      "order": 10,
      "room": 5
    }
  }
]
